#,title,videoUrl,videoId,publishedAt,position
1,"L1: Artificial Intelligence Introduction, Goals, Reasons of Boost | Artificial Intelligence Lectures",https://www.youtube.com/watch?v=FpvnF7_-tW8&list=PLwC0UuFKct52irXhJjlhzuEvsOz3MFGDH&index=1,FpvnF7_-tW8,2020-05-30T09:30:00Z,0
2,L2: Applications of Artificial Intelligence in various domains | Artificial Intelligence Lectures,https://www.youtube.com/watch?v=Oth_jnB5lOA&list=PLwC0UuFKct52irXhJjlhzuEvsOz3MFGDH&index=2,Oth_jnB5lOA,2020-05-28T08:45:00Z,1
3,"L3: Composition of Artificial Intelligence | Advantages, Disadvantages of Artificial Intelligence",https://www.youtube.com/watch?v=Wps7PnyJjDs&list=PLwC0UuFKct52irXhJjlhzuEvsOz3MFGDH&index=3,Wps7PnyJjDs,2020-05-29T08:45:00Z,2
4,"L4: Classification of Artificial Intelligence | Weak, Evolutionary, Strong | Artificial Intelligence",https://www.youtube.com/watch?v=3F1ub2quBBk&list=PLwC0UuFKct52irXhJjlhzuEvsOz3MFGDH&index=4,3F1ub2quBBk,2020-05-29T09:15:00Z,3
5,L6: Artificial Intelligence Agents | Types of AI Agents | Artificial Intelligence Lectures in Hindi,https://www.youtube.com/watch?v=anW5W67OEME&list=PLwC0UuFKct52irXhJjlhzuEvsOz3MFGDH&index=5,anW5W67OEME,2020-06-01T08:15:00Z,4
6,L7: PEAS in Artificial Intelligence | Grouping of AI Agents with Example of Self Driving Car | AI,https://www.youtube.com/watch?v=n9rwoA-36iY&list=PLwC0UuFKct52irXhJjlhzuEvsOz3MFGDH&index=6,n9rwoA-36iY,2020-06-05T11:00:30Z,5
7,L8: Classification of Environment in Artificial Intelligence | Artificial Intelligence Lectures,https://www.youtube.com/watch?v=qZ1jovXesJA&list=PLwC0UuFKct52irXhJjlhzuEvsOz3MFGDH&index=7,qZ1jovXesJA,2020-05-28T11:15:03Z,6
8,"L10: Artificial Intelligence Task | Formal, Expert, Mundane Task | Artificial Intelligence Lectures",https://www.youtube.com/watch?v=K4ZWapj7n64&list=PLwC0UuFKct52irXhJjlhzuEvsOz3MFGDH&index=8,K4ZWapj7n64,2020-06-13T10:30:01Z,7
9,L11: Uncertainty in Artificial Intelligence | Sources of Uncertainty | AI Lectures in Hindi,https://www.youtube.com/watch?v=dWQitocmGmY&list=PLwC0UuFKct52irXhJjlhzuEvsOz3MFGDH&index=9,dWQitocmGmY,2020-06-14T04:30:03Z,8
10,L12: Turing Test in Artificial Intelligence with Configuration and Steps to Perform | AI Lectures,https://www.youtube.com/watch?v=PaDyuD788Us&list=PLwC0UuFKct52irXhJjlhzuEvsOz3MFGDH&index=10,PaDyuD788Us,2020-06-08T10:30:04Z,9
11,L13: Chinese Room Test in Artificial Intelligence with Configuration & Steps to Perform | AI Course,https://www.youtube.com/watch?v=7lTCyo6o1wg&list=PLwC0UuFKct52irXhJjlhzuEvsOz3MFGDH&index=11,7lTCyo6o1wg,2020-06-09T04:30:00Z,10
12,"L14: Artificial Intelligence Technique | Knowledge Representation, Search Algorithm | AI Lectures",https://www.youtube.com/watch?v=HXGaabF6T7U&list=PLwC0UuFKct52irXhJjlhzuEvsOz3MFGDH&index=12,HXGaabF6T7U,2020-05-27T07:15:01Z,11
13,L17: Breadth First Search(BFS) in Artificial Intelligence with Solved Examples | Uninformed Search,https://www.youtube.com/watch?v=SZ2a668G6vA&list=PLwC0UuFKct52irXhJjlhzuEvsOz3MFGDH&index=13,SZ2a668G6vA,2020-05-01T06:28:42Z,12
14,L18: Depth First Search(DFS) in Artificial Intelligence with Solved Examples | Uninformed Search,https://www.youtube.com/watch?v=dWpvK-8uAqM&list=PLwC0UuFKct52irXhJjlhzuEvsOz3MFGDH&index=14,dWpvK-8uAqM,2020-05-01T06:33:03Z,13
15,L19: Depth Limited Search in Artificial Intelligence with Example | Uninformed Search | AI Lectures,https://www.youtube.com/watch?v=NUlKH29gg6I&list=PLwC0UuFKct52irXhJjlhzuEvsOz3MFGDH&index=15,NUlKH29gg6I,2020-06-07T10:10:34Z,14
16,L20: Uniform Cost Search in Artificial Intelligence with Solved Examples | Uninformed Search in AI,https://www.youtube.com/watch?v=FbI1lCNNxP8&list=PLwC0UuFKct52irXhJjlhzuEvsOz3MFGDH&index=16,FbI1lCNNxP8,2020-05-03T07:20:47Z,15
17,L21: Bidirectional Search in Artificial Intelligence with Solved Examples | Uninformed Search in AI,https://www.youtube.com/watch?v=VdXjaRe4o0M&list=PLwC0UuFKct52irXhJjlhzuEvsOz3MFGDH&index=17,VdXjaRe4o0M,2020-05-03T07:16:35Z,16
18,L22: Iterative Deepening Depth First Search in Artificial Intelligence with Solved Examples,https://www.youtube.com/watch?v=EHwPE5IDXlQ&list=PLwC0UuFKct52irXhJjlhzuEvsOz3MFGDH&index=18,EHwPE5IDXlQ,2020-05-06T13:00:45Z,17
19,L23: Informed Search in Artificial Intelligence with Examples | Heuristic Function | AI Lectures,https://www.youtube.com/watch?v=FRBzy5-BR74&list=PLwC0UuFKct52irXhJjlhzuEvsOz3MFGDH&index=19,FRBzy5-BR74,2020-05-07T04:30:04Z,18
20,L24: Heuristic Search in Artificial Intelligence | Admissible & Non-Admissible with Examples,https://www.youtube.com/watch?v=xaVTpt58bFI&list=PLwC0UuFKct52irXhJjlhzuEvsOz3MFGDH&index=20,xaVTpt58bFI,2020-05-06T18:30:06Z,19
21,L25: Difference(Comparison) between Blind Search and Heuristic Search in Artificial Intelligence,https://www.youtube.com/watch?v=uuHDNeeNGSY&list=PLwC0UuFKct52irXhJjlhzuEvsOz3MFGDH&index=21,uuHDNeeNGSY,2020-06-12T04:30:05Z,20
22,L26: Best First Search(BFS) | Informed Search in Artificial Intelligence with Examples | AI Lectures,https://www.youtube.com/watch?v=IBNs4GJLAmc&list=PLwC0UuFKct52irXhJjlhzuEvsOz3MFGDH&index=22,IBNs4GJLAmc,2020-05-03T07:07:59Z,21
23,L27: Beam Search | Optimized Best First Search | Artificial Intelligence with Examples | AI Lectures,https://www.youtube.com/watch?v=r6h9hydNhPw&list=PLwC0UuFKct52irXhJjlhzuEvsOz3MFGDH&index=23,r6h9hydNhPw,2020-05-03T07:10:40Z,22
24,L28: A Star(A*) Search Algorithm in Artificial Intelligence with Examples | Informed Search in AI,https://www.youtube.com/watch?v=95s0b0HBe3w&list=PLwC0UuFKct52irXhJjlhzuEvsOz3MFGDH&index=24,95s0b0HBe3w,2020-05-17T11:45:00Z,23
25,L29: AO Star(AO*) Search Algorithm in Artificial Intelligence with Examples | Informed Search in AI,https://www.youtube.com/watch?v=1Tk1SBvp-lg&list=PLwC0UuFKct52irXhJjlhzuEvsOz3MFGDH&index=25,1Tk1SBvp-lg,2020-05-18T08:30:00Z,24
26,L30: Hill Climbing Search in Artificial Intelligence | Limitation of Hill Climbing Search in AI,https://www.youtube.com/watch?v=z2y1sMrHKDw&list=PLwC0UuFKct52irXhJjlhzuEvsOz3MFGDH&index=26,z2y1sMrHKDw,2020-06-03T05:30:06Z,25
27,L31: Branch and Bound Technique in Artificial Intelligence to find shortest solution | AI Lectures,https://www.youtube.com/watch?v=nVX20DJeGjU&list=PLwC0UuFKct52irXhJjlhzuEvsOz3MFGDH&index=27,nVX20DJeGjU,2020-06-12T10:30:06Z,26
28,L32: Simulated Annealing in Artificial Intelligence | Difference Hill Climbing & Simulated Annealing,https://www.youtube.com/watch?v=ct9rpyxbgaE&list=PLwC0UuFKct52irXhJjlhzuEvsOz3MFGDH&index=28,ct9rpyxbgaE,2020-05-13T06:30:00Z,27
29,L32-1: Steepest Ascent Hill Climbing | Artificial Intelligence | Compare with Simple Hill Climbing,https://www.youtube.com/watch?v=acsk3i7gS_U&list=PLwC0UuFKct52irXhJjlhzuEvsOz3MFGDH&index=29,acsk3i7gS_U,2020-05-27T05:30:00Z,28
30,L33: Generate and Test Search in Artificial Intelligence | British Museum Search | AI Lectures Hindi,https://www.youtube.com/watch?v=6GuvCBi4EBs&list=PLwC0UuFKct52irXhJjlhzuEvsOz3MFGDH&index=30,6GuvCBi4EBs,2020-05-20T10:15:00Z,29
31,L34: State Space Search | Eight Tile Puzzle Problem | Artificial Intelligence Lectures in Hindi,https://www.youtube.com/watch?v=SH1eYvdLpUE&list=PLwC0UuFKct52irXhJjlhzuEvsOz3MFGDH&index=31,SH1eYvdLpUE,2020-05-08T18:30:08Z,30
32,L35: Single State and Multiple State Problem Formulation | Artificial Intelligence Lectures Hindi,https://www.youtube.com/watch?v=g5LO4rC_kss&list=PLwC0UuFKct52irXhJjlhzuEvsOz3MFGDH&index=32,g5LO4rC_kss,2020-06-11T04:30:03Z,31
33,L36: Water Jug Problem in Artificial Intelligence | State Representation and Solution | AI Lectures,https://www.youtube.com/watch?v=WtRWfbUZzZw&list=PLwC0UuFKct52irXhJjlhzuEvsOz3MFGDH&index=33,WtRWfbUZzZw,2020-06-04T05:30:04Z,32
34,L36-1: Default Reasoning in Artificial Intelligence | Non Monotonic and Default Logic | AI Lectures,https://www.youtube.com/watch?v=KMkwBwD_ezw&list=PLwC0UuFKct52irXhJjlhzuEvsOz3MFGDH&index=34,KMkwBwD_ezw,2020-05-28T10:00:07Z,33
35,L37: Monotonic vs Non-Monotonic Reasoning in Artificial Intelligence | AI Lectures in Hindi,https://www.youtube.com/watch?v=JVclXaq00Pk&list=PLwC0UuFKct52irXhJjlhzuEvsOz3MFGDH&index=35,JVclXaq00Pk,2020-06-11T10:30:01Z,34
36,"L38: Production System in Artificial Intelligence | Characteristics, Advantages, Steps to Solve",https://www.youtube.com/watch?v=Aebkfuqj1Og&list=PLwC0UuFKct52irXhJjlhzuEvsOz3MFGDH&index=36,Aebkfuqj1Og,2020-05-22T14:15:00Z,35
37,L39: Missionaries and Cannibals Problem in Artificial Intelligence with Solution | AI Lectures Hindi,https://www.youtube.com/watch?v=yLEB-n4URu4&list=PLwC0UuFKct52irXhJjlhzuEvsOz3MFGDH&index=37,yLEB-n4URu4,2020-05-26T05:15:00Z,36
38,"L40: N Queen Problem in Artificial Intelligence | 4 Queen, 8 Queen Problem with Solution | AI Course",https://www.youtube.com/watch?v=pnLFu0yJzN8&list=PLwC0UuFKct52irXhJjlhzuEvsOz3MFGDH&index=38,pnLFu0yJzN8,2020-06-08T04:30:05Z,37
39,L41: Tower of Hanoi Problem in Artificial Intelligence with Solution | AI Lectures in Hindi,https://www.youtube.com/watch?v=QZ8tB_-Jpfk&list=PLwC0UuFKct52irXhJjlhzuEvsOz3MFGDH&index=39,QZ8tB_-Jpfk,2020-05-17T06:00:11Z,38
40,L42: Tic Tac Toe Problem in Artificial Intelligence with Solution | AI Lectures in Hindi,https://www.youtube.com/watch?v=H0hRly9JanE&list=PLwC0UuFKct52irXhJjlhzuEvsOz3MFGDH&index=40,H0hRly9JanE,2020-05-22T08:45:01Z,39
41,L43: Travelling Salesman Problem | State Representation in Artificial Intelligence with Solution,https://www.youtube.com/watch?v=_xFm4ZWkkkg&list=PLwC0UuFKct52irXhJjlhzuEvsOz3MFGDH&index=41,_xFm4ZWkkkg,2020-05-24T08:15:02Z,40
42,L44: Blocks World Problem in Artificial Intelligence with Solution | AI Lectures in Hindi,https://www.youtube.com/watch?v=Xi0uaEwCzNs&list=PLwC0UuFKct52irXhJjlhzuEvsOz3MFGDH&index=42,Xi0uaEwCzNs,2020-06-05T13:15:01Z,41
43,L46: CryptArithmetic Problem in Artificial Intelligence | TO+GO = OUT & SEND+MORE= MONEY Solutions,https://www.youtube.com/watch?v=aZblDSAx4cg&list=PLwC0UuFKct52irXhJjlhzuEvsOz3MFGDH&index=43,aZblDSAx4cg,2020-05-13T10:30:00Z,42
44,L47: CryptArithmetic Problem in Artificial Intelligence | EAT + THAT = APPLE Problem Solution,https://www.youtube.com/watch?v=qo2RmonoK5Y&list=PLwC0UuFKct52irXhJjlhzuEvsOz3MFGDH&index=44,qo2RmonoK5Y,2020-05-14T10:30:06Z,43
45,L48: CryptArithmetic Problem in Artificial Intelligence | SOME + TIME = SPENT Problem Solution,https://www.youtube.com/watch?v=bmvAfz3BhqM&list=PLwC0UuFKct52irXhJjlhzuEvsOz3MFGDH&index=45,bmvAfz3BhqM,2020-05-15T06:45:01Z,44
46,L49: CryptArithmetic Problem | BASE + BALL = GAMES Problem Solution | Artificial Intelligence,https://www.youtube.com/watch?v=BrraXMroIos&list=PLwC0UuFKct52irXhJjlhzuEvsOz3MFGDH&index=46,BrraXMroIos,2020-05-21T10:00:06Z,45
47,L50: CryptArithmetic Problem in Artificial Intelligence | CROSS + ROADS = DANGER Solution,https://www.youtube.com/watch?v=VQ4gsqYBv1s&list=PLwC0UuFKct52irXhJjlhzuEvsOz3MFGDH&index=47,VQ4gsqYBv1s,2020-06-06T10:00:19Z,46
48,L52: Propositional Logic in Artificial Intelligence | Introduction and Alphabet Set | AI Lectures,https://www.youtube.com/watch?v=HVzr8ZeTR6o&list=PLwC0UuFKct52irXhJjlhzuEvsOz3MFGDH&index=48,HVzr8ZeTR6o,2020-05-25T11:15:00Z,47
49,"L53: Propositional Logic | Set of Equivalence Relation | Rules of Inference(MODUS PONENS, TOLLENS)",https://www.youtube.com/watch?v=hHRWRa3k6Ww&list=PLwC0UuFKct52irXhJjlhzuEvsOz3MFGDH&index=49,hHRWRa3k6Ww,2020-05-24T17:45:02Z,48
50,L54: Tautology and Truth Table in Artificial Intelligence with Solved Example | AI Lectures in Hindi,https://www.youtube.com/watch?v=J1Jhl-Vq3eA&list=PLwC0UuFKct52irXhJjlhzuEvsOz3MFGDH&index=50,J1Jhl-Vq3eA,2020-05-23T10:15:01Z,49
51,L56: First Order Logic (FOL) | Predicate Logic Introduction | Quantifiers in Predicate Logic | AI,https://www.youtube.com/watch?v=Q_15qjqX-RE&list=PLwC0UuFKct52irXhJjlhzuEvsOz3MFGDH&index=51,Q_15qjqX-RE,2020-05-19T12:15:00Z,50
52,L58: Unification Algorithm in Artificial Intelligence with example | AI Lectures in Hindi,https://www.youtube.com/watch?v=NYFI79HONUE&list=PLwC0UuFKct52irXhJjlhzuEvsOz3MFGDH&index=52,NYFI79HONUE,2020-06-13T04:30:02Z,51
53,"L60: Forward chaining, Backward chaining | Example | Comparison | Artificial Intelligence Lectures",https://www.youtube.com/watch?v=_JPEHHhG2tk&list=PLwC0UuFKct52irXhJjlhzuEvsOz3MFGDH&index=53,_JPEHHhG2tk,2020-06-03T09:45:02Z,52
54,L61: Significance of Inference Engine in Expert System | Forward and Backward Chaining | AI Lectures,https://www.youtube.com/watch?v=AvhLHUVj4j4&list=PLwC0UuFKct52irXhJjlhzuEvsOz3MFGDH&index=54,AvhLHUVj4j4,2020-05-19T08:15:00Z,53
55,L62: Class Membership & Inclusion in Predicate Logic | Comparison of Predicate & Propositional Logic,https://www.youtube.com/watch?v=cjNJ65aA8UY&list=PLwC0UuFKct52irXhJjlhzuEvsOz3MFGDH&index=55,cjNJ65aA8UY,2020-05-18T12:15:00Z,54
56,L64: Minimax Algorithm in Game Playing with examples | Artificial Intelligence Lectures in Hindi,https://www.youtube.com/watch?v=S7L4-KDTvEE&list=PLwC0UuFKct52irXhJjlhzuEvsOz3MFGDH&index=56,S7L4-KDTvEE,2020-05-31T03:15:00Z,55
57,"L66: Knowledge Acquisition | Artificial Intelligence | Architecture, Tasks, Techniques | AI Lectures",https://www.youtube.com/watch?v=BvpmYnF0NFA&list=PLwC0UuFKct52irXhJjlhzuEvsOz3MFGDH&index=57,BvpmYnF0NFA,2020-05-16T05:30:00Z,56
58,"L67: Knowledge Based System | Artificial Intelligence | Architecture, Components | AI Lectures Hindi",https://www.youtube.com/watch?v=YeThScCaIEM&list=PLwC0UuFKct52irXhJjlhzuEvsOz3MFGDH&index=58,YeThScCaIEM,2020-05-16T12:00:23Z,57
59,L68: Knowledge Engineers Role | Knowledge Engineering Process | Knowledge Acquisition Difficulties,https://www.youtube.com/watch?v=hRjECBm_KH8&list=PLwC0UuFKct52irXhJjlhzuEvsOz3MFGDH&index=59,hRjECBm_KH8,2020-05-25T09:45:02Z,58
60,"L69: Knowledge Type | Artificial Intelligence | Procedural, Declarative, Meta, Heuristic, Structural",https://www.youtube.com/watch?v=2ONm2TdQEh0&list=PLwC0UuFKct52irXhJjlhzuEvsOz3MFGDH&index=60,2ONm2TdQEh0,2020-06-10T04:30:01Z,59
61,"L70: Semantic Networks in Artificial Intelligence | Components, Example | AI Lectures in Hindi",https://www.youtube.com/watch?v=1jyLrS6U3hA&list=PLwC0UuFKct52irXhJjlhzuEvsOz3MFGDH&index=61,1jyLrS6U3hA,2020-05-21T15:45:01Z,60
62,"L71: Frames for knowledge Representation in Artificial Intelligence | Attributes, Reasoning Actions",https://www.youtube.com/watch?v=5iHBv_74Ces&list=PLwC0UuFKct52irXhJjlhzuEvsOz3MFGDH&index=62,5iHBv_74Ces,2020-06-10T10:30:00Z,61
63,L72: Scripts for knowledge Representation | Artificial Intelligence | Components | AI Lectures,https://www.youtube.com/watch?v=Woyd7K1mUk8&list=PLwC0UuFKct52irXhJjlhzuEvsOz3MFGDH&index=63,Woyd7K1mUk8,2020-06-09T10:30:04Z,62
64,L73: Bayes Theorem in Artificial Intelligence with Applications & Example | AI Lectures in Hindi,https://www.youtube.com/watch?v=oKko3ukFLVc&list=PLwC0UuFKct52irXhJjlhzuEvsOz3MFGDH&index=64,oKko3ukFLVc,2020-05-12T12:30:05Z,63
65,L74: Bayesian Belief Network in Artificial Intelligence | AI Lectures(Course) in Hindi,https://www.youtube.com/watch?v=c5eaKymcwiU&list=PLwC0UuFKct52irXhJjlhzuEvsOz3MFGDH&index=65,c5eaKymcwiU,2020-05-12T08:45:00Z,64
66,L75: Fuzzy Logic System Architecture | Characteristics of Fuzzy Logic | Artificial Intelligence,https://www.youtube.com/watch?v=IS0zdKpC5EU&list=PLwC0UuFKct52irXhJjlhzuEvsOz3MFGDH&index=66,IS0zdKpC5EU,2020-05-07T09:00:06Z,65
67,L76: Membership Function in Fuzzy Systems | Significance| Artificial Intelligence Lectures,https://www.youtube.com/watch?v=KhF8Wni8q6E&list=PLwC0UuFKct52irXhJjlhzuEvsOz3MFGDH&index=67,KhF8Wni8q6E,2020-05-09T10:30:05Z,66
68,"L78: Learning | Process, Components of Learner System | Artificial Intelligence Lectures in Hindi",https://www.youtube.com/watch?v=41ioSAat_ss&list=PLwC0UuFKct52irXhJjlhzuEvsOz3MFGDH&index=68,41ioSAat_ss,2020-06-01T05:45:00Z,67
69,"L79: Neuron Biological Model | Characteristics, Neurons, Axons, Dendrites | Artificial Intelligence",https://www.youtube.com/watch?v=MqABY2u5q9Y&list=PLwC0UuFKct52irXhJjlhzuEvsOz3MFGDH&index=69,MqABY2u5q9Y,2020-05-08T08:30:02Z,68
70,"L80: Artificial Neural Network Architecture | Advantages, Characteristics | Artificial Intelligence",https://www.youtube.com/watch?v=B2aI7m7wldw&list=PLwC0UuFKct52irXhJjlhzuEvsOz3MFGDH&index=70,B2aI7m7wldw,2020-05-09T18:30:01Z,69
71,L81: Types of Artificial Neural Network(ANN) Architectures | Artificial Intelligence Course Hindi,https://www.youtube.com/watch?v=wUIQVzw0xS4&list=PLwC0UuFKct52irXhJjlhzuEvsOz3MFGDH&index=71,wUIQVzw0xS4,2020-05-24T11:00:30Z,70
72,"L82: Activation Function in Artificial Neural Network | Types, Importance | Artificial Intelligence",https://www.youtube.com/watch?v=UqvYrgkG_vc&list=PLwC0UuFKct52irXhJjlhzuEvsOz3MFGDH&index=72,UqvYrgkG_vc,2020-05-10T11:15:00Z,71
73,"L83: Supervised, Unsupervised and Reinforcement Learning in Neural Network | Artificial Intelligence",https://www.youtube.com/watch?v=tXaQRl0eKd8&list=PLwC0UuFKct52irXhJjlhzuEvsOz3MFGDH&index=73,tXaQRl0eKd8,2020-05-29T06:30:06Z,72
74,L84: Recurrent Neural Network Architecture | RNN Working | Difference between RNN & Feed Forward N/W,https://www.youtube.com/watch?v=vWCfOX4iBWI&list=PLwC0UuFKct52irXhJjlhzuEvsOz3MFGDH&index=74,vWCfOX4iBWI,2020-05-26T06:15:00Z,73
75,L85: MCP(McCulloch Pitts Neuron Model) | Artificial Intelligence Lectures(Course) in Hindi,https://www.youtube.com/watch?v=5PWHcSRn2W4&list=PLwC0UuFKct52irXhJjlhzuEvsOz3MFGDH&index=75,5PWHcSRn2W4,2020-05-31T10:00:04Z,74
76,"L86: Natural Language Processing | Introduction, Components | Artificial Intelligence Lectures",https://www.youtube.com/watch?v=C-34SFYMNNA&list=PLwC0UuFKct52irXhJjlhzuEvsOz3MFGDH&index=76,C-34SFYMNNA,2020-06-02T08:15:01Z,75
77,L89: Expert System Architecture | Characteristics of Expert System | Artificial Intelligence Hindi,https://www.youtube.com/watch?v=NmF-VJ2NrT0&list=PLwC0UuFKct52irXhJjlhzuEvsOz3MFGDH&index=77,NmF-VJ2NrT0,2020-05-07T18:30:03Z,76
78,L90: Comparison of Expert System with Conventional Computers | Application of Expert System | AI,https://www.youtube.com/watch?v=TR6KecyHH6w&list=PLwC0UuFKct52irXhJjlhzuEvsOz3MFGDH&index=78,TR6KecyHH6w,2020-05-30T13:15:02Z,77
79,L91: Constraint Satisfaction Problem in Artificial Intelligence | NODE COLORING Problem Solution,https://www.youtube.com/watch?v=vA1Bz8sII1c&list=PLwC0UuFKct52irXhJjlhzuEvsOz3MFGDH&index=79,vA1Bz8sII1c,2020-06-02T06:15:01Z,78
80,"L92: Linearly Separable Patterns in Context of Linear Separability | AND, OR, XOR Problem | AI",https://www.youtube.com/watch?v=sgaGp6ENSa0&list=PLwC0UuFKct52irXhJjlhzuEvsOz3MFGDH&index=80,sgaGp6ENSa0,2020-05-10T18:30:04Z,79
81,L93: Effect of Learning Rate on Back Propagation Algorithm | Artificial Intelligence Lectures Hindi,https://www.youtube.com/watch?v=JaEmYNRijKs&list=PLwC0UuFKct52irXhJjlhzuEvsOz3MFGDH&index=81,JaEmYNRijKs,2020-05-20T09:30:00Z,80
82,L1: Cloud Computing Introduction | Basic Structure of Cloud Computing | Cloud Computing Lectures,https://www.youtube.com/watch?v=RmuVkB3siYY&list=PLwC0UuFKct52irXhJjlhzuEvsOz3MFGDH&index=82,RmuVkB3siYY,2019-08-24T12:56:41Z,81
83,L2: Cloud Computing Working Models | Deployment and Service Models | Cloud Computing Lectures Hindi,https://www.youtube.com/watch?v=jGmX_zjbgPI&list=PLwC0UuFKct52irXhJjlhzuEvsOz3MFGDH&index=83,jGmX_zjbgPI,2019-08-24T12:59:33Z,82
84,"L3: Cloud Computing Benefits | Risks, Limitations, Components | Types of Cloud Environment",https://www.youtube.com/watch?v=PQh5UTUVOHo&list=PLwC0UuFKct52irXhJjlhzuEvsOz3MFGDH&index=84,PQh5UTUVOHo,2019-08-26T13:49:31Z,83
85,"L4: Cloud Computing Characteristics | Cloud Computing Lectures Hindi for B.Tech, MCA, M.Tech Exams",https://www.youtube.com/watch?v=jIgL8oD0rhU&list=PLwC0UuFKct52irXhJjlhzuEvsOz3MFGDH&index=85,jIgL8oD0rhU,2019-08-26T13:53:50Z,84
86,"L5: Public Cloud Model | Introduction | Advantages, Disadvantages | Cloud Computing Lectures Hindi",https://www.youtube.com/watch?v=J1r7eJh_hNI&list=PLwC0UuFKct52irXhJjlhzuEvsOz3MFGDH&index=86,J1r7eJh_hNI,2019-08-27T13:01:58Z,85
87,"L6: Private Cloud Model | Introduction | Advantages, Disadvantages | Cloud Computing Lectures Hindi",https://www.youtube.com/watch?v=0LlH-x1QuCo&list=PLwC0UuFKct52irXhJjlhzuEvsOz3MFGDH&index=87,0LlH-x1QuCo,2019-08-27T13:03:09Z,86
88,"L7: Hybrid Cloud Model | Introduction | Advantages, Disadvantages | Cloud Computing Lectures Hindi",https://www.youtube.com/watch?v=JcC8az_tujc&list=PLwC0UuFKct52irXhJjlhzuEvsOz3MFGDH&index=88,JcC8az_tujc,2019-09-02T12:55:44Z,87
89,"L8: Community Cloud Model | Introduction | Advantages, Disadvantages | Cloud Computing Lectures",https://www.youtube.com/watch?v=u2kiqjShgB4&list=PLwC0UuFKct52irXhJjlhzuEvsOz3MFGDH&index=89,u2kiqjShgB4,2019-09-02T12:56:29Z,88
90,L9: Cloud Computing Architecture | Front End and Back End | Cloud Computing Lectures in Hindi,https://www.youtube.com/watch?v=VUsgtkKNiwM&list=PLwC0UuFKct52irXhJjlhzuEvsOz3MFGDH&index=90,VUsgtkKNiwM,2019-09-05T15:41:09Z,89
91,L10: Cloud Computing Infrastructure | Hypervisor Introduction | Cloud Computing Lectures in Hindi,https://www.youtube.com/watch?v=Pg_rQNMitio&list=PLwC0UuFKct52irXhJjlhzuEvsOz3MFGDH&index=91,Pg_rQNMitio,2019-09-05T15:42:38Z,90
92,"L11: Cloud Computing Technologies | Virtualization, SOA, Grid Computing and Utility Computing",https://www.youtube.com/watch?v=dLUYc0iZD5Q&list=PLwC0UuFKct52irXhJjlhzuEvsOz3MFGDH&index=92,dLUYc0iZD5Q,2019-09-10T12:48:40Z,91
93,"L12: SaaS - Cloud Computing | Software as a Service | Application, Characteristics, Benefits, Issues",https://www.youtube.com/watch?v=vyrgeUi6-A0&list=PLwC0UuFKct52irXhJjlhzuEvsOz3MFGDH&index=93,vyrgeUi6-A0,2019-09-10T12:53:46Z,92
94,"L13: PaaS - Cloud Computing | Platform as a Service | Types, Characteristics, Benefits, Issues",https://www.youtube.com/watch?v=WHP68vXM-8c&list=PLwC0UuFKct52irXhJjlhzuEvsOz3MFGDH&index=94,WHP68vXM-8c,2019-09-10T12:57:31Z,93
95,"L14: IaaS - Cloud Computing | Infrastructure as a Service | Characteristics, Benefits, Issues",https://www.youtube.com/watch?v=eas7gxcHlM8&list=PLwC0UuFKct52irXhJjlhzuEvsOz3MFGDH&index=95,eas7gxcHlM8,2019-09-10T13:02:14Z,94
96,"L15: Cloud Computing Client Server Technology | Advantages, Disadvantages | Cloud Computing Lectures",https://www.youtube.com/watch?v=1zse4_RuwYo&list=PLwC0UuFKct52irXhJjlhzuEvsOz3MFGDH&index=96,1zse4_RuwYo,2019-09-21T11:45:06Z,95
97,"L16: Cloud Computing Peer to Peer Computing | Advantages, Disadvantages | Cloud Computing Lectures",https://www.youtube.com/watch?v=KPQqJEq1p-o&list=PLwC0UuFKct52irXhJjlhzuEvsOz3MFGDH&index=97,KPQqJEq1p-o,2019-09-21T11:46:56Z,96
98,"L17: Cloud Computing Distributed Computing | Advantages, Disadvantages | Cloud Computing Lectures",https://www.youtube.com/watch?v=l6mkxt9m7XE&list=PLwC0UuFKct52irXhJjlhzuEvsOz3MFGDH&index=98,l6mkxt9m7XE,2019-09-21T11:49:29Z,97
99,L18: Cloud Computing GRID Computing | Advantages | Evolution of Cloud Computing | Lectures Hindi,https://www.youtube.com/watch?v=8aR4HLjBzfw&list=PLwC0UuFKct52irXhJjlhzuEvsOz3MFGDH&index=99,8aR4HLjBzfw,2019-09-21T11:52:28Z,98
100,L19: Autonomic and Parallel Computing | Architecture | Cloud Computing Lectures in Hindi,https://www.youtube.com/watch?v=7H8HWNH_NdI&list=PLwC0UuFKct52irXhJjlhzuEvsOz3MFGDH&index=100,7H8HWNH_NdI,2019-09-21T11:57:55Z,99
101,"L20: Cloud Computing Applications | Business, Data Storage & Backup, Management, Social etc.",https://www.youtube.com/watch?v=yYxRp_9m-4Q&list=PLwC0UuFKct52irXhJjlhzuEvsOz3MFGDH&index=101,yYxRp_9m-4Q,2019-09-21T11:59:45Z,100
102,"L21: Cloud Computing Challenges | Cost, Reliability, Downtime, Security, Privacy, Lock-In",https://www.youtube.com/watch?v=l5PTWRFwCfY&list=PLwC0UuFKct52irXhJjlhzuEvsOz3MFGDH&index=102,l5PTWRFwCfY,2019-09-21T12:03:20Z,101
103,L22: Cloud Computing Operations | Cloud Computing Providers | Cloud Computing Lectures in Hindi,https://www.youtube.com/watch?v=KzcxKgjB6m4&list=PLwC0UuFKct52irXhJjlhzuEvsOz3MFGDH&index=103,KzcxKgjB6m4,2019-09-21T12:05:52Z,102
104,"L23: Cloud Computing Virtualization, Hardware Virtualization | Characteristics | Cloud Computing",https://www.youtube.com/watch?v=fBhbiA_78CY&list=PLwC0UuFKct52irXhJjlhzuEvsOz3MFGDH&index=104,fBhbiA_78CY,2019-10-12T13:17:48Z,103
105,"L24: Types of Hardware Virtualization | Reference Model, Advantages | Cloud Computing Lectures Hindi",https://www.youtube.com/watch?v=8rhbnytaIcM&list=PLwC0UuFKct52irXhJjlhzuEvsOz3MFGDH&index=105,8rhbnytaIcM,2019-10-12T13:20:23Z,104
106,"L25: Cloud Computing Security | Boundaries, Protecting Data Mechanism, Brokered Cloud Storage Access",https://www.youtube.com/watch?v=5TjpJixn4QI&list=PLwC0UuFKct52irXhJjlhzuEvsOz3MFGDH&index=106,5TjpJixn4QI,2019-10-12T13:24:54Z,105
107,L26: Cloud Computing Security Concerns | Threats in Cloud Computing Security | Cloud Computing,https://www.youtube.com/watch?v=RG7kGjbTe6s&list=PLwC0UuFKct52irXhJjlhzuEvsOz3MFGDH&index=107,RG7kGjbTe6s,2019-10-12T13:29:06Z,106
108,L27: IAM(Identify & Access Management) | Cloud Computing Security Mechanism | Cloud Computing,https://www.youtube.com/watch?v=MmzEL36cLJ8&list=PLwC0UuFKct52irXhJjlhzuEvsOz3MFGDH&index=108,MmzEL36cLJ8,2019-11-09T12:43:56Z,107
109,L28: PKI(Public Key Infrastructure) | Cloud Computing Security Mechanism | Cloud Computing Lectures,https://www.youtube.com/watch?v=DhRH6IYH-LE&list=PLwC0UuFKct52irXhJjlhzuEvsOz3MFGDH&index=109,DhRH6IYH-LE,2019-11-09T12:46:11Z,108
110,L29: Encryption (Symmetric Vs. Asymmetric) | Cloud Computing Security Mechanism | Cloud Computing,https://www.youtube.com/watch?v=vt-sJLHDRnA&list=PLwC0UuFKct52irXhJjlhzuEvsOz3MFGDH&index=110,vt-sJLHDRnA,2019-11-09T12:48:24Z,109
111,L30: Single Sign On(SSO) | Cloud Computing Security Mechanism | Cloud Computing Lectures in Hindi,https://www.youtube.com/watch?v=xiBfdpzt-bI&list=PLwC0UuFKct52irXhJjlhzuEvsOz3MFGDH&index=111,xiBfdpzt-bI,2019-11-09T12:50:26Z,110
112,L31: Direct I/O Access Architecture | Specialized Cloud Architecture | Cloud Computing Lectures,https://www.youtube.com/watch?v=84Wq9AQZ5wU&list=PLwC0UuFKct52irXhJjlhzuEvsOz3MFGDH&index=112,84Wq9AQZ5wU,2019-11-11T13:28:27Z,111
113,L32: Load Balanced Virtual Switches Architecture | Specialized Cloud Architecture | Cloud Computing,https://www.youtube.com/watch?v=5O1Pmn0Rcuk&list=PLwC0UuFKct52irXhJjlhzuEvsOz3MFGDH&index=113,5O1Pmn0Rcuk,2019-11-11T13:30:47Z,112
114,L33: Multipath Resource Access Architecture | Specialized Cloud Architecture | Cloud Computing Hindi,https://www.youtube.com/watch?v=SWeR4-Il47Y&list=PLwC0UuFKct52irXhJjlhzuEvsOz3MFGDH&index=114,SWeR4-Il47Y,2019-11-11T13:33:18Z,113
115,"L34: Federated Cloud | Introduction, Advantages | Cloud Computing Lectures in Hindi",https://www.youtube.com/watch?v=RRg3tjUh_Z0&list=PLwC0UuFKct52irXhJjlhzuEvsOz3MFGDH&index=115,RRg3tjUh_Z0,2019-11-11T13:36:19Z,114
116,"L35: Cloud Mobility | Introduction, Advantages, Benefits | Cloud Computing Lectures in Hindi",https://www.youtube.com/watch?v=33fuUQRYxCQ&list=PLwC0UuFKct52irXhJjlhzuEvsOz3MFGDH&index=116,33fuUQRYxCQ,2019-11-11T13:40:00Z,115
117,"L36: Cloud Based ERP Software | Introduction, Advantages, Benefits | Cloud Computing Lectures Hindi",https://www.youtube.com/watch?v=9o1-jqfqZ4I&list=PLwC0UuFKct52irXhJjlhzuEvsOz3MFGDH&index=117,9o1-jqfqZ4I,2019-11-11T13:43:02Z,116
118,"L37: Cloud Based CRM Software | Introduction, Advantages, Benefits | Cloud Computing Lectures Hindi",https://www.youtube.com/watch?v=pWNXmoy-ewo&list=PLwC0UuFKct52irXhJjlhzuEvsOz3MFGDH&index=118,pWNXmoy-ewo,2019-11-11T13:45:22Z,117
119,"L38: Cloud Based Supply Chain Management (SCM) Software | Introduction, Benefits | Cloud Computing",https://www.youtube.com/watch?v=kIAPVsBOmfE&list=PLwC0UuFKct52irXhJjlhzuEvsOz3MFGDH&index=119,kIAPVsBOmfE,2019-11-11T13:47:44Z,118
120,"L39: Mobile Cloud Computing(MCC) | Architecture, Advantages, Issues, Applications | Cloud Computing",https://www.youtube.com/watch?v=z82dgWXaAH8&list=PLwC0UuFKct52irXhJjlhzuEvsOz3MFGDH&index=120,z82dgWXaAH8,2019-11-17T05:22:54Z,119
121,"L40: Virtual Machine Provisioning | Life Cycle, VM Provision Process | Cloud Computing Lectures",https://www.youtube.com/watch?v=sUBCdGaFVos&list=PLwC0UuFKct52irXhJjlhzuEvsOz3MFGDH&index=121,sUBCdGaFVos,2019-11-17T05:26:35Z,120
122,Introduction to Big Data Analytics 🔥,https://www.youtube.com/watch?v=I_ku0D4uQzQ&list=PLwC0UuFKct52irXhJjlhzuEvsOz3MFGDH&index=122,I_ku0D4uQzQ,2020-11-13T14:30:01Z,121
123,5 v's of big data 🔥🔥,https://www.youtube.com/watch?v=ioBHS7A9IxY&list=PLwC0UuFKct52irXhJjlhzuEvsOz3MFGDH&index=123,ioBHS7A9IxY,2021-07-05T14:30:05Z,122
124,7 V's of Big Data | Characteristics of Big Data,https://www.youtube.com/watch?v=37CL5c41cDY&list=PLwC0UuFKct52irXhJjlhzuEvsOz3MFGDH&index=124,37CL5c41cDY,2024-09-28T14:58:43Z,123
125,Types of Data Under Big data | Structured Unstructured and Semi Structured data,https://www.youtube.com/watch?v=IAU-bXjjvyI&list=PLwC0UuFKct52irXhJjlhzuEvsOz3MFGDH&index=125,IAU-bXjjvyI,2020-11-15T14:30:01Z,124
126,Traditional Data vs Big Data 🔥🔥,https://www.youtube.com/watch?v=UUMGfThF-D0&list=PLwC0UuFKct52irXhJjlhzuEvsOz3MFGDH&index=126,UUMGfThF-D0,2020-11-14T14:30:01Z,125
127,Big Data Case Study 🔥🔥,https://www.youtube.com/watch?v=d8KvA65Z19A&list=PLwC0UuFKct52irXhJjlhzuEvsOz3MFGDH&index=127,d8KvA65Z19A,2020-11-24T16:50:12Z,126
128,Introduction to Hadoop in Hindi & What is Hadoop in hindi,https://www.youtube.com/watch?v=AtaLA1Yhw3A&list=PLwC0UuFKct52irXhJjlhzuEvsOz3MFGDH&index=128,AtaLA1Yhw3A,2020-11-17T14:30:00Z,127
129,Features of Hadoop 🔥🔥,https://www.youtube.com/watch?v=IDTGrlaYYEU&list=PLwC0UuFKct52irXhJjlhzuEvsOz3MFGDH&index=129,IDTGrlaYYEU,2020-11-20T14:30:01Z,128
130,Hadoop Architecture 🔥🔥,https://www.youtube.com/watch?v=7bJTDRhJp3I&list=PLwC0UuFKct52irXhJjlhzuEvsOz3MFGDH&index=130,7bJTDRhJp3I,2020-11-19T14:30:00Z,129
131,HDFS Architecture 🔥🔥,https://www.youtube.com/watch?v=oWefH_4ftUY&list=PLwC0UuFKct52irXhJjlhzuEvsOz3MFGDH&index=131,oWefH_4ftUY,2020-11-21T14:30:02Z,130
132,Hadoop Ecosystem 🔥🔥,https://www.youtube.com/watch?v=ER883J9F4uc&list=PLwC0UuFKct52irXhJjlhzuEvsOz3MFGDH&index=132,ER883J9F4uc,2020-11-24T16:14:17Z,131
133,Distributed File System 🔥🔥,https://www.youtube.com/watch?v=McTWc6N-pBg&list=PLwC0UuFKct52irXhJjlhzuEvsOz3MFGDH&index=133,McTWc6N-pBg,2020-11-25T16:54:33Z,132
134,What is MapReduce in Hadoop ? 🔥🔥,https://www.youtube.com/watch?v=W9mX04IvFRA&list=PLwC0UuFKct52irXhJjlhzuEvsOz3MFGDH&index=134,W9mX04IvFRA,2020-11-22T14:30:00Z,133
135,What is NoSQL database in Hindi,https://www.youtube.com/watch?v=iAdTs4hVK8E&list=PLwC0UuFKct52irXhJjlhzuEvsOz3MFGDH&index=135,iAdTs4hVK8E,2020-12-03T06:30:01Z,134
136,SQL vs NOSQL in Hindi,https://www.youtube.com/watch?v=Oqz6Jp5raCo&list=PLwC0UuFKct52irXhJjlhzuEvsOz3MFGDH&index=136,Oqz6Jp5raCo,2020-12-03T14:30:04Z,135
137,Features of NoSQL Database,https://www.youtube.com/watch?v=ceKYCxXAYwc&list=PLwC0UuFKct52irXhJjlhzuEvsOz3MFGDH&index=137,ceKYCxXAYwc,2020-12-03T11:30:03Z,136
138,CAP Theorem 🔥🔥,https://www.youtube.com/watch?v=taArwdC6b7w&list=PLwC0UuFKct52irXhJjlhzuEvsOz3MFGDH&index=138,taArwdC6b7w,2020-12-04T16:47:32Z,137
139,BASE properties of NoSQL database,https://www.youtube.com/watch?v=qrwhdNf51aU&list=PLwC0UuFKct52irXhJjlhzuEvsOz3MFGDH&index=139,qrwhdNf51aU,2020-12-05T14:30:03Z,138
140,NoSQL data Architecture patterns,https://www.youtube.com/watch?v=6RBF-vhU8dA&list=PLwC0UuFKct52irXhJjlhzuEvsOz3MFGDH&index=140,6RBF-vhU8dA,2024-10-07T15:00:07Z,139
141,Types of Big Data Problems 🔥,https://www.youtube.com/watch?v=nBJ09B-hY2A&list=PLwC0UuFKct52irXhJjlhzuEvsOz3MFGDH&index=141,nBJ09B-hY2A,2024-10-08T14:30:31Z,140
142,Analyzing big Data whth a Shared Nothing Architecture,https://www.youtube.com/watch?v=UD-UvMP45hA&list=PLwC0UuFKct52irXhJjlhzuEvsOz3MFGDH&index=142,UD-UvMP45hA,2024-10-09T14:30:22Z,141
143,Client Server and Peer to peer model,https://www.youtube.com/watch?v=mfs8pvP9Hg8&list=PLwC0UuFKct52irXhJjlhzuEvsOz3MFGDH&index=143,mfs8pvP9Hg8,2024-10-10T14:30:19Z,142
144,What is Cassandra in Big Data Analytics in Hindi,https://www.youtube.com/watch?v=eOv5sty-fvQ&list=PLwC0UuFKct52irXhJjlhzuEvsOz3MFGDH&index=144,eOv5sty-fvQ,2021-07-02T14:30:12Z,143
145,What is MongoDB in Big Data Analytics in Hindi,https://www.youtube.com/watch?v=YZhrh9-dhg4&list=PLwC0UuFKct52irXhJjlhzuEvsOz3MFGDH&index=145,YZhrh9-dhg4,2021-07-03T14:30:04Z,144
146,What is DynamoDB in Big Data Analytics in Hindi,https://www.youtube.com/watch?v=vc-fmlODwEI&list=PLwC0UuFKct52irXhJjlhzuEvsOz3MFGDH&index=146,vc-fmlODwEI,2021-07-04T14:30:06Z,145
147,Data Stream Management System ( DSMS ) 🔥,https://www.youtube.com/watch?v=z_PeGrKuRl8&list=PLwC0UuFKct52irXhJjlhzuEvsOz3MFGDH&index=147,z_PeGrKuRl8,2024-10-17T14:30:26Z,146
148,Bloom Filter 🔥,https://www.youtube.com/watch?v=s4CORWP3-Ac&list=PLwC0UuFKct52irXhJjlhzuEvsOz3MFGDH&index=148,s4CORWP3-Ac,2024-10-18T19:18:30Z,147
149,Flajolet Martin Algorithm 🔥,https://www.youtube.com/watch?v=SP6yMOGLfPc&list=PLwC0UuFKct52irXhJjlhzuEvsOz3MFGDH&index=149,SP6yMOGLfPc,2024-10-19T14:31:56Z,148
150,Datar Gionis Indyk Motwani ( DGIM ) Algorithm 🔥,https://www.youtube.com/watch?v=uFKWc2YR5MU&list=PLwC0UuFKct52irXhJjlhzuEvsOz3MFGDH&index=150,uFKWc2YR5MU,2024-10-25T03:57:00Z,149
151,Distance Measures in Big Data Analytics in Hindi,https://www.youtube.com/watch?v=YzjS9acPo9w&list=PLwC0UuFKct52irXhJjlhzuEvsOz3MFGDH&index=151,YzjS9acPo9w,2021-07-06T14:30:04Z,150
152,Euclidean Distance in Big Data Analytics in Hindi ( Solved Problems ! ),https://www.youtube.com/watch?v=N5BjD1YVxPE&list=PLwC0UuFKct52irXhJjlhzuEvsOz3MFGDH&index=152,N5BjD1YVxPE,2021-07-09T06:30:03Z,151
153,Jaccard Distance in Big Data Analytics in Hindi ( Solved Problem ! ),https://www.youtube.com/watch?v=kDD7uSaTRjA&list=PLwC0UuFKct52irXhJjlhzuEvsOz3MFGDH&index=153,kDD7uSaTRjA,2021-07-08T14:30:07Z,152
154,Cosine Distance in Big Data Analytics in Hindi ( Solved Problem ! ),https://www.youtube.com/watch?v=JsEHEGUMch0&list=PLwC0UuFKct52irXhJjlhzuEvsOz3MFGDH&index=154,JsEHEGUMch0,2021-07-08T06:30:04Z,153
155,Edit Distance in Big Data analytics in Hindi ( Solved Problems ! ),https://www.youtube.com/watch?v=9t5RGyFht5U&list=PLwC0UuFKct52irXhJjlhzuEvsOz3MFGDH&index=155,9t5RGyFht5U,2021-07-07T14:30:01Z,154
156,Hamming Distance in Big Data Analytics in Hindi ( Solved Problem ! ),https://www.youtube.com/watch?v=ZbzQyuYRDrw&list=PLwC0UuFKct52irXhJjlhzuEvsOz3MFGDH&index=156,ZbzQyuYRDrw,2021-07-07T06:30:07Z,155
157,Recommendation Systems in Big Data Analytics in Hindi,https://www.youtube.com/watch?v=LK9yIuk7gSg&list=PLwC0UuFKct52irXhJjlhzuEvsOz3MFGDH&index=157,LK9yIuk7gSg,2021-07-14T14:30:06Z,156
158,Collaborative Filtering in Big Data Analytics in Hindi,https://www.youtube.com/watch?v=xUJs_tpcCw0&list=PLwC0UuFKct52irXhJjlhzuEvsOz3MFGDH&index=158,xUJs_tpcCw0,2021-07-17T15:00:24Z,157
159,Content based recommendation system in big data analytics in hindi,https://www.youtube.com/watch?v=yxGRawv4zWM&list=PLwC0UuFKct52irXhJjlhzuEvsOz3MFGDH&index=159,yxGRawv4zWM,2021-07-18T14:30:17Z,158
160,Introduction to Python (Hindi) | What is Python? full Explanation,https://www.youtube.com/watch?v=qYhrd2Lhq0g&list=PLwC0UuFKct52irXhJjlhzuEvsOz3MFGDH&index=160,qYhrd2Lhq0g,2022-06-06T03:30:21Z,159
161,Python Input/Output | Learn Coding,https://www.youtube.com/watch?v=_ErI8jHl7nY&list=PLwC0UuFKct52irXhJjlhzuEvsOz3MFGDH&index=161,_ErI8jHl7nY,2022-07-25T04:29:00Z,160
162,Python Comments | Learn Coding,https://www.youtube.com/watch?v=fqwbHIPk4zs&list=PLwC0UuFKct52irXhJjlhzuEvsOz3MFGDH&index=162,fqwbHIPk4zs,2022-07-10T11:04:50Z,161
163,Python Keywords | Learn Coding,https://www.youtube.com/watch?v=c_gnfezYobI&list=PLwC0UuFKct52irXhJjlhzuEvsOz3MFGDH&index=163,c_gnfezYobI,2022-07-03T10:36:52Z,162
164,Python:- Datatypes and Variables | Learn Coding,https://www.youtube.com/watch?v=k0ZAkmYxVTQ&list=PLwC0UuFKct52irXhJjlhzuEvsOz3MFGDH&index=164,k0ZAkmYxVTQ,2022-06-12T10:49:13Z,163
165,Python Lists | Learn Coding,https://www.youtube.com/watch?v=JEkSxGL3PBk&list=PLwC0UuFKct52irXhJjlhzuEvsOz3MFGDH&index=165,JEkSxGL3PBk,2022-06-18T10:44:52Z,164
166,Python Tuples | Learn Coding,https://www.youtube.com/watch?v=PdyAglc1rJA&list=PLwC0UuFKct52irXhJjlhzuEvsOz3MFGDH&index=166,PdyAglc1rJA,2022-06-19T07:42:40Z,165
167,Python Sets | Learn Coding,https://www.youtube.com/watch?v=WAd8pgy5pgI&list=PLwC0UuFKct52irXhJjlhzuEvsOz3MFGDH&index=167,WAd8pgy5pgI,2022-06-25T11:48:16Z,166
168,Python Dictionary | Learn Coding,https://www.youtube.com/watch?v=llM5t-rEJCM&list=PLwC0UuFKct52irXhJjlhzuEvsOz3MFGDH&index=168,llM5t-rEJCM,2022-06-27T09:09:27Z,167
169,Python Identifiers | Learn Coding,https://www.youtube.com/watch?v=1U0kKrTPx-E&list=PLwC0UuFKct52irXhJjlhzuEvsOz3MFGDH&index=169,1U0kKrTPx-E,2022-07-09T06:05:06Z,168
170,Python Operators | Learn Coding,https://www.youtube.com/watch?v=uqPIk_0q940&list=PLwC0UuFKct52irXhJjlhzuEvsOz3MFGDH&index=170,uqPIk_0q940,2022-07-17T06:33:21Z,169
171,"Python Conditional Statements | if, if-else & elif Statements",https://www.youtube.com/watch?v=5QlCw1_N6xk&list=PLwC0UuFKct52irXhJjlhzuEvsOz3MFGDH&index=171,5QlCw1_N6xk,2022-07-28T06:13:55Z,170
172,Python Iterative Statements | for loop and while loop,https://www.youtube.com/watch?v=DjsCmmMua1Y&list=PLwC0UuFKct52irXhJjlhzuEvsOz3MFGDH&index=172,DjsCmmMua1Y,2022-07-29T06:35:24Z,171
173,"Python Transfer Statements | break, continue and pass",https://www.youtube.com/watch?v=Fzn0PCuWi90&list=PLwC0UuFKct52irXhJjlhzuEvsOz3MFGDH&index=173,Fzn0PCuWi90,2022-07-30T07:00:07Z,172
174,Python Modules | Learn Coding,https://www.youtube.com/watch?v=4yw79Rh-uJ8&list=PLwC0UuFKct52irXhJjlhzuEvsOz3MFGDH&index=174,4yw79Rh-uJ8,2022-08-12T09:59:41Z,173
175,Python Functions | Learn Coding,https://www.youtube.com/watch?v=RoheSK9KwOU&list=PLwC0UuFKct52irXhJjlhzuEvsOz3MFGDH&index=175,RoheSK9KwOU,2022-08-14T07:50:13Z,174
176,Python Exception Handling | Learn Coding,https://www.youtube.com/watch?v=qrueF1F9ndE&list=PLwC0UuFKct52irXhJjlhzuEvsOz3MFGDH&index=176,qrueF1F9ndE,2022-08-27T06:52:54Z,175
177,Python File Handling | Learn Coding,https://www.youtube.com/watch?v=UCKbrAoFUlM&list=PLwC0UuFKct52irXhJjlhzuEvsOz3MFGDH&index=177,UCKbrAoFUlM,2022-09-04T04:40:41Z,176
178,python oops concepts | Learn Coding,https://www.youtube.com/watch?v=Rq_3gA2h1RA&list=PLwC0UuFKct52irXhJjlhzuEvsOz3MFGDH&index=178,Rq_3gA2h1RA,2022-09-17T06:42:47Z,177
179,python classes and objects | Learn Coding,https://www.youtube.com/watch?v=pdEA5Qkgraw&list=PLwC0UuFKct52irXhJjlhzuEvsOz3MFGDH&index=179,pdEA5Qkgraw,2022-09-23T04:54:01Z,178
180,Python Constructor | Learn Coding,https://www.youtube.com/watch?v=C79Q9q1NuVs&list=PLwC0UuFKct52irXhJjlhzuEvsOz3MFGDH&index=180,C79Q9q1NuVs,2022-12-19T04:39:11Z,179
181,Default Constructor in Python | Learn Coding,https://www.youtube.com/watch?v=QJaB5Y9D8fQ&list=PLwC0UuFKct52irXhJjlhzuEvsOz3MFGDH&index=181,QJaB5Y9D8fQ,2022-12-22T13:45:33Z,180
182,Parameterized Constructor in Python | Learn Coding,https://www.youtube.com/watch?v=OPZSsFFnedU&list=PLwC0UuFKct52irXhJjlhzuEvsOz3MFGDH&index=182,OPZSsFFnedU,2022-12-24T11:17:18Z,181
183,Python Access Modifiers | Learn Coding,https://www.youtube.com/watch?v=1zu8sPsAfRM&list=PLwC0UuFKct52irXhJjlhzuEvsOz3MFGDH&index=183,1zu8sPsAfRM,2022-11-12T02:54:09Z,182
184,Python Inheritance | Learn Coding,https://www.youtube.com/watch?v=ioO0VyceAqU&list=PLwC0UuFKct52irXhJjlhzuEvsOz3MFGDH&index=184,ioO0VyceAqU,2022-10-03T03:00:25Z,183
185,simple inheritance in python | Learn Coding,https://www.youtube.com/watch?v=HJRqqlIecFg&list=PLwC0UuFKct52irXhJjlhzuEvsOz3MFGDH&index=185,HJRqqlIecFg,2022-10-06T09:16:50Z,184
186,multi-level inheritance in python | Learn Coding,https://www.youtube.com/watch?v=mqEqulWqu8k&list=PLwC0UuFKct52irXhJjlhzuEvsOz3MFGDH&index=186,mqEqulWqu8k,2022-10-15T08:12:23Z,185
187,multiple inheritance in python | Learn Coding,https://www.youtube.com/watch?v=W85o24ctOj0&list=PLwC0UuFKct52irXhJjlhzuEvsOz3MFGDH&index=187,W85o24ctOj0,2022-10-16T09:37:01Z,186
188,hierarchical inheritance in python | Learn Coding,https://www.youtube.com/watch?v=OrzCteOdJ6M&list=PLwC0UuFKct52irXhJjlhzuEvsOz3MFGDH&index=188,OrzCteOdJ6M,2022-11-01T04:55:19Z,187
189,Python Encapsulation | Learn Coding,https://www.youtube.com/watch?v=3zGVokYEQgo&list=PLwC0UuFKct52irXhJjlhzuEvsOz3MFGDH&index=189,3zGVokYEQgo,2022-11-05T08:11:36Z,188
190,Python Abstraction | Learn Coding,https://www.youtube.com/watch?v=e8xctqrzSSA&list=PLwC0UuFKct52irXhJjlhzuEvsOz3MFGDH&index=190,e8xctqrzSSA,2022-11-08T09:56:16Z,189
191,python abstract class | Learn Coding,https://www.youtube.com/watch?v=CBHRtBJGhKE&list=PLwC0UuFKct52irXhJjlhzuEvsOz3MFGDH&index=191,CBHRtBJGhKE,2022-11-16T04:21:17Z,190
192,python interface | Learn Coding,https://www.youtube.com/watch?v=dGs-la3u5eg&list=PLwC0UuFKct52irXhJjlhzuEvsOz3MFGDH&index=192,dGs-la3u5eg,2022-11-19T10:45:58Z,191
193,Python Polymorphism | Learn Coding,https://www.youtube.com/watch?v=a924Pin2swA&list=PLwC0UuFKct52irXhJjlhzuEvsOz3MFGDH&index=193,a924Pin2swA,2022-11-21T10:42:04Z,192
194,Python Method Overloading | Learn Coding,https://www.youtube.com/watch?v=15pZbi_MtcY&list=PLwC0UuFKct52irXhJjlhzuEvsOz3MFGDH&index=194,15pZbi_MtcY,2022-11-23T06:39:41Z,193
195,Python Method Overriding | Learn Coding,https://www.youtube.com/watch?v=viQeKOHTsfk&list=PLwC0UuFKct52irXhJjlhzuEvsOz3MFGDH&index=195,viQeKOHTsfk,2022-11-25T05:49:34Z,194
196,Multithreading in Python | Learn Coding,https://www.youtube.com/watch?v=xcF4ypUW6e4&list=PLwC0UuFKct52irXhJjlhzuEvsOz3MFGDH&index=196,xcF4ypUW6e4,2022-12-11T05:39:38Z,195